{"cameraMode":{"drawMode":0,"name":"Shaded","section":"Shading Mode"},"sceneLighting":false,"audioPlay":false,"sceneViewState":{"showFog":false,"showMaterialUpdate":false,"showSkybox":false,"showFlares":false,"showImageEffects":false,"showParticleSystems":false},"in2DMode":false,"pivot":{"x":0.01939406991004944,"y":-4.325859069824219,"z":1.7940292358398438},"rotation":{"x":0.3754608631134033,"y":0.005011392757296562,"z":-0.0020302978809922935,"w":0.9268224835395813},"size":29.2545223236084,"orthographic":false}