{"cameraMode":{"drawMode":0,"name":"Shaded","section":"Shading Mode"},"sceneLighting":false,"audioPlay":false,"sceneViewState":{"showFog":false,"showMaterialUpdate":false,"showSkybox":false,"showFlares":false,"showImageEffects":false,"showParticleSystems":false},"in2DMode":false,"pivot":{"x":-2.384185791015625e-7,"y":-0.14113843441009522,"z":-1.2341465950012208},"rotation":{"x":0.3262872099876404,"y":-0.011342878453433514,"z":0.0039156340062618259,"w":0.9451945424079895},"size":29.317041397094728,"orthographic":false}