{"cameraMode":{"drawMode":0,"name":"Shaded","section":"Shading Mode"},"sceneLighting":false,"audioPlay":false,"sceneViewState":{"showFog":false,"showMaterialUpdate":false,"showSkybox":false,"showFlares":false,"showImageEffects":false,"showParticleSystems":false},"in2DMode":false,"pivot":{"x":5.226137161254883,"y":1.7698163986206055,"z":4.614393711090088},"rotation":{"x":0.3683311641216278,"y":-0.08544014394283295,"z":0.03401678800582886,"w":0.9251351952552795},"size":12.90080738067627,"orthographic":false}