{"cameraMode":{"drawMode":0,"name":"Shaded","section":"Shading Mode"},"sceneLighting":false,"audioPlay":false,"sceneViewState":{"showFog":false,"showMaterialUpdate":false,"showSkybox":false,"showFlares":false,"showImageEffects":false,"showParticleSystems":false},"in2DMode":false,"pivot":{"x":-10.931875228881836,"y":2.5237674713134767,"z":-7.887992858886719},"rotation":{"x":0.18433108925819398,"y":-0.009428429417312146,"z":0.0017681876197457314,"w":0.9828174114227295},"size":71.1129379272461,"orthographic":false}