{"cameraMode":{"drawMode":0,"name":"Shaded","section":"Shading Mode"},"sceneLighting":false,"audioPlay":false,"sceneViewState":{"showFog":false,"showMaterialUpdate":false,"showSkybox":false,"showFlares":false,"showImageEffects":false,"showParticleSystems":false},"in2DMode":false,"pivot":{"x":-17.90999984741211,"y":0.7995383143424988,"z":1.4622611999511719},"rotation":{"x":0.02775842696428299,"y":0.9334884881973267,"z":-0.34977206587791445,"w":0.07408244162797928},"size":34.189659118652347,"orthographic":false}