{"cameraMode":{"drawMode":0,"name":"Shaded","section":"Shading Mode"},"sceneLighting":false,"audioPlay":false,"sceneViewState":{"showFog":false,"showMaterialUpdate":false,"showSkybox":false,"showFlares":false,"showImageEffects":false,"showParticleSystems":false},"in2DMode":false,"pivot":{"x":0.027515411376953126,"y":-0.4649085998535156,"z":6.006840705871582},"rotation":{"x":-0.0921139121055603,"y":0.12659625709056855,"z":-0.011807925067842007,"w":-0.9875975847244263},"size":35.41392135620117,"orthographic":false}