{"cameraMode":{"drawMode":0,"name":"Shaded","section":"Shading Mode"},"sceneLighting":false,"audioPlay":false,"sceneViewState":{"showFog":false,"showMaterialUpdate":false,"showSkybox":false,"showFlares":false,"showImageEffects":false,"showParticleSystems":false},"in2DMode":false,"pivot":{"x":-9.5367431640625e-7,"y":0.9000005722045898,"z":19.9999942779541},"rotation":{"x":0.18456554412841798,"y":0.637542188167572,"z":-0.1610947996377945,"w":0.7304272651672363},"size":55.80790710449219,"orthographic":false}