{"cameraMode":{"drawMode":0,"name":"Shaded","section":"Shading Mode"},"sceneLighting":false,"audioPlay":false,"sceneViewState":{"showFog":false,"showMaterialUpdate":false,"showSkybox":false,"showFlares":false,"showImageEffects":false,"showParticleSystems":false},"in2DMode":false,"pivot":{"x":84.25590515136719,"y":-59.69529724121094,"z":149.40806579589845},"rotation":{"x":-0.196515291929245,"y":-0.3189002275466919,"z":0.06777065992355347,"w":-0.9247115850448608},"size":460.80712890625,"orthographic":false}