{"cameraMode":{"drawMode":0,"name":"Shaded","section":"Shading Mode"},"sceneLighting":false,"audioPlay":false,"sceneViewState":{"showFog":false,"showMaterialUpdate":false,"showSkybox":false,"showFlares":false,"showImageEffects":false,"showParticleSystems":false},"in2DMode":false,"pivot":{"x":-4.47782039642334,"y":2.854513168334961,"z":4.784112930297852},"rotation":{"x":-0.3953877091407776,"y":0.0068802610039711,"z":-0.0029620190616697075,"w":-0.9184837937355042},"size":40.03396224975586,"orthographic":false}