{"cameraMode":{"drawMode":0,"name":"Shaded","section":"Shading Mode"},"sceneLighting":false,"audioPlay":false,"sceneViewState":{"showFog":false,"showMaterialUpdate":false,"showSkybox":false,"showFlares":false,"showImageEffects":false,"showParticleSystems":false},"in2DMode":false,"pivot":{"x":-7.376964569091797,"y":16.281206130981447,"z":0.11246585845947266},"rotation":{"x":-0.526885449886322,"y":-0.012755817733705044,"z":0.007908504456281662,"w":-0.8498038053512573},"size":46.319541931152347,"orthographic":false}