{"cameraMode":{"drawMode":0,"name":"Shaded","section":"Shading Mode"},"sceneLighting":false,"audioPlay":false,"sceneViewState":{"showFog":false,"showMaterialUpdate":false,"showSkybox":false,"showFlares":false,"showImageEffects":false,"showParticleSystems":false},"in2DMode":false,"pivot":{"x":872.2232055664063,"y":143.60891723632813,"z":295.3194580078125},"rotation":{"x":0.13992775976657868,"y":0.011881617829203606,"z":-0.0016792300157248974,"w":0.9900890588760376},"size":1587.1727294921875,"orthographic":false}